Age Group,mean,median,count
Under 18,59.98550724637681,62.0,69
18-30,60.38636363636363,61.0,880
31-45,59.40256175663312,59.0,1093
46-60,59.65726872246696,59.0,1135
Above 60,59.70124481327801,59.0,723
